"","FixedAcidity","VolatileAcidity","CitricAcid","ResidualSugar","Chlorides","FreeSulfurDioxide","TotalSulfurDioxide","Density","PH","Sulphates","Alcohol","Quality"
"FixedAcidity",1,-0.256130894770382,0.671703434764106,0.114776724494921,0.0937051863213054,-0.153794192864825,-0.113181443045481,0.668047292118974,-0.682978194568531,0.183005663932153,-0.0616682717081262,0.124051649113224
"VolatileAcidity",-0.256130894770382,1,-0.55249568455958,0.00191788196279072,0.0612977724764615,-0.0105038270065918,0.0764700048209282,0.0220262321952158,0.234937294407393,-0.26098668528329,-0.202288026823616,-0.390557780264007
"CitricAcid",0.671703434764106,-0.55249568455958,1,0.143577161570314,0.203822913829042,-0.0609781291923049,0.0355330239311615,0.364947175211251,-0.54190414473951,0.312770043854417,0.109903245849325,0.226372514318041
"ResidualSugar",0.114776724494921,0.00191788196279072,0.143577161570314,1,0.0556095352035322,0.187048995104287,0.203027881697101,0.355283370983376,-0.0856524222188716,0.0055271213391383,0.042075437546703,0.0137316373400663
"Chlorides",0.0937051863213054,0.0612977724764615,0.203822913829042,0.0556095352035322,1,0.00556214700478112,0.0474004682590752,0.200632326641512,-0.265026131173227,0.371260481285426,-0.221140544763925,-0.128906559930053
"FreeSulfurDioxide",-0.153794192864825,-0.0105038270065918,-0.0609781291923049,0.187048995104287,0.00556214700478112,1,0.667666450481022,-0.0219458311634892,0.0703774985049419,0.0516575718428285,-0.069408352791439,-0.0506560572442764
"TotalSulfurDioxide",-0.113181443045481,0.0764700048209282,0.0355330239311615,0.203027881697101,0.0474004682590752,0.667666450481022,1,0.0712694762031032,-0.0664945590128559,0.0429468362395383,-0.205653942618414,-0.185100288926538
"Density",0.668047292118974,0.0220262321952158,0.364947175211251,0.355283370983376,0.200632326641512,-0.0219458311634892,0.0712694762031032,1,-0.341699334785031,0.148506411720785,-0.49617977061342,-0.174919227783349
"PH",-0.682978194568531,0.234937294407393,-0.54190414473951,-0.0856524222188716,-0.265026131173227,0.0703774985049419,-0.0664945590128559,-0.341699334785031,1,-0.19664760230437,0.205632508764174,-0.0577313912053821
"Sulphates",0.183005663932153,-0.26098668528329,0.312770043854417,0.0055271213391383,0.371260481285426,0.0516575718428285,0.0429468362395383,0.148506411720785,-0.19664760230437,1,0.0935947503955155,0.251397079069261
"Alcohol",-0.0616682717081262,-0.202288026823616,0.109903245849325,0.042075437546703,-0.221140544763925,-0.069408352791439,-0.205653942618414,-0.49617977061342,0.205632508764174,0.0935947503955155,1,0.476166323814956
"Quality",0.124051649113224,-0.390557780264007,0.226372514318041,0.0137316373400663,-0.128906559930053,-0.0506560572442764,-0.185100288926538,-0.174919227783349,-0.0577313912053821,0.251397079069261,0.476166323814956,1
